{"_timestamp":1.7424371693984058e+09,"_runtime":1191.447501115,"_step":83,"gen_images":{"sha256":"94f026b5433aeaab0b8bac8f63690e9e973366997d14c48c26478654aa537b73","size":125779,"path":"media/images/gen_images_83_94f026b5433aeaab0b8b.png","format":"png","width":512,"height":128,"_type":"image-file"},"_wandb":{"runtime":1191},"loss":0.025290110603326844}