{"_step":83,"gen_images":{"sha256":"980b478fd3120f1c001df03e113dc6e3719ea2e2be3ec7eb98d6b19ad765b11d","size":117345,"path":"media/images/gen_images_83_980b478fd3120f1c001d.png","format":"png","width":512,"height":128,"_type":"image-file"},"_wandb":{"runtime":8936},"loss":0.021642376807600006,"_timestamp":1.7425051049031541e+09,"_runtime":8935.281171613}