{"_runtime":2.120485858,"_wandb":{"runtime":56},"_step":0,"loss":0.9970714449882507,"_timestamp":1.742433883319522e+09}