{"_timestamp":1.7424961021303084e+09,"_runtime":2.197046402,"_step":0,"_wandb":{"runtime":48},"loss":0.9970714449882507}