{"loss":0.9970714449882507,"_timestamp":1.7424343590740058e+09,"_wandb":{"runtime":35},"_runtime":2.073781737,"_step":0}