{"_wandb":{"runtime":101},"loss":0.9970714449882507,"_timestamp":1.742433753132543e+09,"_runtime":2.120356217,"_step":0}