{"_step":1,"_wandb":{"runtime":157},"loss":0.7089588544746437,"_timestamp":1.7424336199807253e+09,"_runtime":113.05423613}