{"loss":0.708759192487981,"_timestamp":1.7424353823710196e+09,"_runtime":112.088348318,"_step":1,"_wandb":{"runtime":192}}