{"_timestamp":1.7424351494616916e+09,"_runtime":2.13881253,"_step":0,"loss":0.997071385383606,"_wandb":{"runtime":106}}