{"_step":0,"_wandb":{"runtime":13},"loss":0.9970706701278687,"_timestamp":1.7424355352320457e+09,"_runtime":1.591444814}