{"gen_images":{"_type":"image-file","sha256":"95fac7160b8b6dccac5ee88521ffd1cc768b0928ad265dc18defc7d6d4fd1e65","size":126018,"path":"media/images/gen_images_83_95fac7160b8b6dccac5e.png","format":"png","width":512,"height":128},"_wandb":{"runtime":3710},"loss":0.0226867496423792,"_timestamp":1.7424411616526897e+09,"_runtime":3710.172593166,"_step":83}