{"_runtime":1.224320139,"_step":0,"_wandb":{"runtime":9},"loss":0.9970704317092896,"_timestamp":1.7424374111413321e+09}