{"loss":0.9970706701278687,"_timestamp":1.742435781009982e+09,"_runtime":1.508575001,"_step":0,"_wandb":{"runtime":20}}