{"loss":0.9970714449882507,"_timestamp":1.7424959798332431e+09,"_runtime":3.009545216,"_step":0,"_wandb":{"runtime":30}}